name,passport,phone
Абабков Аарон Васильевич,6415685356,88005553535
Абаимов Аба Васильевич,6415685356,88005553535
Абакишин Аббас Васильевич,6415685356,88005553535
Абакулин Абд аль-Узза Васильевич,6415685356,88005553535
Абакулов Абдуллах Васильевич,6415685356,88005553535
Абакумкин Абид Васильевич,6415685356,88005553535
Абакумов Аботур Васильевич,6415685356,88005553535
Абакушин Аввакум Васильевич,6415685356,88005553535
Абакшин Август Васильевич,6415685356,88005553535
Абалакин Авдей Васильевич,6415685356,88005553535
Абалаков Авель Васильевич,6415685356,88005553535
Абалдуев Аверкий Васильевич,6415685356,88005553535
Абалкин Авигдор Васильевич,6415685356,88005553535
Абатурин Авирмэд Васильевич,6415685356,88005553535
Абатуров Авксентий Васильевич,6415685356,88005553535
Абашев Авл Васильевич,6415685356,88005553535
Абашеев Авнер Васильевич,6415685356,88005553535
Абашенко Аврелий Васильевич,6415685356,88005553535
Абашин Автандил Васильевич,6415685356,88005553535
Абашичев Автоном Васильевич,6415685356,88005553535
Абашкин Агапит Васильевич,6415685356,88005553535
Абашков Агафангел Васильевич,6415685356,88005553535
Абашуров Агафодор Васильевич,6415685356,88005553535
Абаянцев Агафон Васильевич,6415685356,88005553535
Аббакумов Аги Васильевич,6415685356,88005553535
Абдулин Агриппа Васильевич,6415685356,88005553535
Абдулла Адам Васильевич,6415685356,88005553535
Абдулов Адар Васильевич,6415685356,88005553535
Аблакатов Адиль Васильевич,6415685356,88005553535
Аблеухов Адольф Васильевич,6415685356,88005553535
Абоимов Адонирам Васильевич,6415685356,88005553535
Аборин Адриан Васильевич,6415685356,88005553535
Абраменко Азамат Васильевич,6415685356,88005553535
Абраменков Азарий Васильевич,6415685356,88005553535
Абрамкин Азат Васильевич,6415685356,88005553535
Абрамов Азиз Васильевич,6415685356,88005553535
Абрамович Азим Васильевич,6415685356,88005553535
Абрамсон Айварс Васильевич,6415685356,88005553535
Абрамуш Айдар Васильевич,6415685356,88005553535
Абрамцев Айрат Васильевич,6415685356,88005553535
Абрамчик Акакий Васильевич,6415685356,88005553535
Абрамчук Аквилий Васильевич,6415685356,88005553535
Абрамычев Акиф Васильевич,6415685356,88005553535
Абрахин Акоп Васильевич,6415685356,88005553535
Абрашин Аксель Васильевич,6415685356,88005553535
Абрашкин Алан Васильевич,6415685356,88005553535
Абрикосов Аланус Васильевич,6415685356,88005553535
Абросимов Алек Васильевич,6415685356,88005553535
Абросинов Александр Васильевич,6415685356,88005553535
Аброськин Алексей Васильевич,6415685356,88005553535
Аброшин Алемдар Васильевич,6415685356,88005553535
Абухов Алик Васильевич,6415685356,88005553535
Абухович Алим Васильевич,6415685356,88005553535
Авакин Алипий Васильевич,6415685356,88005553535
Аваков Алишер Васильевич,6415685356,88005553535
Авакумов Алмат Васильевич,6415685356,88005553535
Аванесов Алоиз Васильевич,6415685356,88005553535
Аввакумов Алон Васильевич,6415685356,88005553535
Августинович Альберик Васильевич,6415685356,88005553535
Августович Альберт Васильевич,6415685356,88005553535
Авдаев Альбин Васильевич,6415685356,88005553535
Авдаков Альваро Васильевич,6415685356,88005553535
Авдевичев Альвиан Васильевич,6415685356,88005553535
Авдеев Альвизе Васильевич,6415685356,88005553535
Авдеенко Альфонс Васильевич,6415685356,88005553535
Авдеенков Альфред Васильевич,6415685356,88005553535
Авдеичев Амадис Васильевич,6415685356,88005553535
Авдейкин Амвросий Васильевич,6415685356,88005553535
Авдиев Амедей Васильевич,6415685356,88005553535
Авдин Амин Васильевич,6415685356,88005553535
Авдонин Амир Васильевич,6415685356,88005553535
Авдонкин Амр Васильевич,6415685356,88005553535
Авдонов Амфилохий Васильевич,6415685356,88005553535
Авдонюшкин Анания Васильевич,6415685356,88005553535
Авдосев Анас Васильевич,6415685356,88005553535
Авдотъин Анастасий Васильевич,6415685356,88005553535
Авдотьев Анатолий Васильевич,6415685356,88005553535
Авдотьин Ангеляр Васильевич,6415685356,88005553535
Авдохин Андокид Васильевич,6415685356,88005553535
Авдошин Андрей Васильевич,6415685356,88005553535
Авдулов Андроник Васильевич,6415685356,88005553535
Авдусин Аннерс Васильевич,6415685356,88005553535
Авдушев Анри Васильевич,6415685356,88005553535
Авдыев Ансельм Васильевич,6415685356,88005553535
Авдышев Антипа Васильевич,6415685356,88005553535
Авдюков Антон Васильевич,6415685356,88005553535
Авдюнин Антоний Васильевич,6415685356,88005553535
Авдюничев Антонин Васильевич,6415685356,88005553535
Авдюхов Антуан Васильевич,6415685356,88005553535
Авдюшин Арам Васильевич,6415685356,88005553535
Авениров Арефа Васильевич,6415685356,88005553535
Аверин Арзуман Васильевич,6415685356,88005553535
Аверинцев Аристарх Васильевич,6415685356,88005553535
Аверихин Аристон Васильевич,6415685356,88005553535
Аверичев Ариф Васильевич,6415685356,88005553535
Аверичкин Аркадий Васильевич,6415685356,88005553535
Аверкиев Арсений Васильевич,6415685356,88005553535
Аверкин Артём Васильевич,6415685356,88005553535
Аверков Артур Васильевич,6415685356,88005553535
Аверченко Арфаксад Васильевич,6415685356,88005553535
Аверченков Асаф Васильевич,6415685356,88005553535
Авершин Атанасий Васильевич,6415685356,88005553535
Авершьев Атом Васильевич,6415685356,88005553535
Аверьянов Аттик Васильевич,6415685356,88005553535
Авиафин Афанасий Васильевич,6415685356,88005553535
Авилин Афинагор Васильевич,6415685356,88005553535
Авилкин Афиней Васильевич,6415685356,88005553535
Авилов Афиф Васильевич,6415685356,88005553535
Авиловичев Африкан Васильевич,6415685356,88005553535
Авксентьев Ахилл Васильевич,6415685356,88005553535
Авлампиев Ахмад Васильевич,6415685356,88005553535
Авлашкин Ахтям Васильевич,6415685356,88005553535
Авлов Ашот Васильевич,6415685356,88005553535
Авлуков Бадар Васильевич,6415685356,88005553535
Авнатамов Барни Васильевич,6415685356,88005553535
Авнатомов Бартоломео Васильевич,6415685356,88005553535
Авр Басир Васильевич,6415685356,88005553535
Авраамов Бахтияр Васильевич,6415685356,88005553535
Авраменко Баян Васильевич,6415685356,88005553535
Аврамец Безсон Васильевич,6415685356,88005553535
Аврамов Бен Васильевич,6415685356,88005553535
Аврамчик Беньямин Васильевич,6415685356,88005553535
Аврасин Берт Васильевич,6415685356,88005553535
Аврашин Бехруз Васильевич,6415685356,88005553535
Аврашко Билял Васильевич,6415685356,88005553535
Аврашков Богдан Васильевич,6415685356,88005553535
Аврашов Болеслав Васильевич,6415685356,88005553535
Аврелин Бонавентура Васильевич,6415685356,88005553535
Аврорин Борис Васильевич,6415685356,88005553535
Авроров Борислав Васильевич,6415685356,88005553535
Авросимов Боян Васильевич,6415685356,88005553535
Авросинов Бронислав Васильевич,6415685356,88005553535
Авсеев Брячислав Васильевич,6415685356,88005553535
Авсеенко Бурхан Васильевич,6415685356,88005553535
Авсейкин Бутрос Васильевич,6415685356,88005553535
Австрийский Бямбасурэн Васильевич,6415685356,88005553535
Авсюков Вадим Васильевич,6415685356,88005553535
Автаев Валентин Васильевич,6415685356,88005553535
Автайкин Валентино Васильевич,6415685356,88005553535
Автоманов Валерий Васильевич,6415685356,88005553535
Автомонов Валерьян Васильевич,6415685356,88005553535
Автономов Вальдемар Васильевич,6415685356,88005553535
Автухов Вангьял Васильевич,6415685356,88005553535
Авчинников Варлам Васильевич,6415685356,88005553535
Авчухов Варнава Васильевич,6415685356,88005553535
Агаев Варфоломей Васильевич,6415685356,88005553535
Агальцов Василий Васильевич,6415685356,88005553535
Агапеев Вахтанг Васильевич,6415685356,88005553535
Агапитов Велвел Васильевич,6415685356,88005553535
Агапов Венансио Васильевич,6415685356,88005553535
Агапьев Венедикт Васильевич,6415685356,88005553535
Агарков Вениамин Васильевич,6415685356,88005553535
Агафонкин Венцеслав Васильевич,6415685356,88005553535
Агафонов Вигго Васильевич,6415685356,88005553535
Агашин Викентий Васильевич,6415685356,88005553535
Агашкин Виктор Васильевич,6415685356,88005553535
Агашков Викторин Васильевич,6415685356,88005553535
Аггеев Вильгельм Васильевич,6415685356,88005553535
Агдавлетов Винцас Васильевич,6415685356,88005553535
Агеев Виссарион Васильевич,6415685356,88005553535
Агеенко Виталий Васильевич,6415685356,88005553535
Агеенков Витаутас Васильевич,6415685356,88005553535
Агейкин Вито Васильевич,6415685356,88005553535
Агейчев Владимир Васильевич,6415685356,88005553535
Агейчик Владислав Васильевич,6415685356,88005553535
Агибалов Владлен Васильевич,6415685356,88005553535
Агиевич Влас Васильевич,6415685356,88005553535
Агин Воислав Васильевич,6415685356,88005553535
Агишев Володарь Васильевич,6415685356,88005553535
Агишин Вольфганг Васильевич,6415685356,88005553535
Агищев Вописк Васильевич,6415685356,88005553535
Аглинцев Всеволод Васильевич,6415685356,88005553535
Агопов Всеслав Васильевич,6415685356,88005553535
Агранов Вук Васильевич,6415685356,88005553535
Аграновский Вукол Васильевич,6415685356,88005553535
Агренев Вышеслав Васильевич,6415685356,88005553535
Агрененко Вячеслав Васильевич,6415685356,88005553535
Агриколянский Габриеле Васильевич,6415685356,88005553535
Агуреев Гавриил Васильевич,6415685356,88005553535
Агушев Гай Васильевич,6415685356,88005553535
Адаев Галактион Васильевич,6415685356,88005553535
Адаменко Галымжан Васильевич,6415685356,88005553535
Адамов Гамлет Васильевич,6415685356,88005553535
Адамович Гаспар Васильевич,6415685356,88005553535
Адамчук Гафур Васильевич,6415685356,88005553535
Адашев Гвидо Васильевич,6415685356,88005553535
Адвокатов Гейдар Васильевич,6415685356,88005553535
Адельфинский Геласий Васильевич,6415685356,88005553535
Адинец Гелий Васильевич,6415685356,88005553535
Адонисов Гельмут Васильевич,6415685356,88005553535
Адоратский Геннадий Васильевич,6415685356,88005553535
Адриянов Генри Васильевич,6415685356,88005553535
Адуев Генрих Васильевич,6415685356,88005553535
Адыбаев Георге Васильевич,6415685356,88005553535
Аедоницкий Георгий Васильевич,6415685356,88005553535
Ажгибесов Гераклид Васильевич,6415685356,88005553535
Азамов Герасим Васильевич,6415685356,88005553535
Азанов Герберт Васильевич,6415685356,88005553535
Азанчевский Герман Васильевич,6415685356,88005553535
Азанчеев Германн Васильевич,6415685356,88005553535
Азарин Геронтий Васильевич,6415685356,88005553535
Азаров Герхард Васильевич,6415685356,88005553535
Азарьев Гийом Васильевич,6415685356,88005553535
Азегов Гильем Васильевич,6415685356,88005553535
Азерников Гинкмар Васильевич,6415685356,88005553535
Азизов Глеб Васильевич,6415685356,88005553535
Азимов Гней Васильевич,6415685356,88005553535
Азин Гоар Васильевич,6415685356,88005553535
Азначеев Горацио Васильевич,6415685356,88005553535
Азов Гордей Васильевич,6415685356,88005553535
Азовцев Градислав Васильевич,6415685356,88005553535
Азянов Григорий Васильевич,6415685356,88005553535
Аипов Гримоальд Васильевич,6415685356,88005553535
Айвазов Гуго Васильевич,6415685356,88005553535
Айвазовский Гурий Васильевич,6415685356,88005553535
Айдаров Густав Васильевич,6415685356,88005553535
Акаткин Гьялцен Васильевич,6415685356,88005553535
Акатов Давид Васильевич,6415685356,88005553535
Акатьев Дамдинсурэн Васильевич,6415685356,88005553535
Акашев Дамир Васильевич,6415685356,88005553535
Акашин Даниил Васильевич,6415685356,88005553535
Акбаров Дарий Васильевич,6415685356,88005553535
Акберов Демид Васильевич,6415685356,88005553535
Аквилев Демьян Васильевич,6415685356,88005553535
Акдавлетов Денеш Васильевич,6415685356,88005553535
Акентьев Денис Васильевич,6415685356,88005553535
Акилин Децим Васильевич,6415685356,88005553535
Акилов Джаббар Васильевич,6415685356,88005553535
Акимакин Джамиль Васильевич,6415685356,88005553535
Акименко Джан Васильевич,6415685356,88005553535
Акимихин Джанер Васильевич,6415685356,88005553535
Акимичев Джанфранко Васильевич,6415685356,88005553535
Акимкин Джафар Васильевич,6415685356,88005553535
Акимов Джейкоб Васильевич,6415685356,88005553535
Акимочев Джихангир Васильевич,6415685356,88005553535
Акимочкин Джованни Васильевич,6415685356,88005553535
Акимушкин Джон Васильевич,6415685356,88005553535
Акимчев Джохар Васильевич,6415685356,88005553535
Акимчин Джулиано Васильевич,6415685356,88005553535
Акимычев Джулиус Васильевич,6415685356,88005553535
Акиндинов Дино Васильевич,6415685356,88005553535
Акинин Диодор Васильевич,6415685356,88005553535
Акинишин Дитер Васильевич,6415685356,88005553535
Акинфиев Дитмар Васильевич,6415685356,88005553535
Акинфов Дитрих Васильевич,6415685356,88005553535
Акинфьев Дмитрий Васильевич,6415685356,88005553535
Акинчев Доминик Васильевич,6415685356,88005553535
Акиншин Дональд Васильевич,6415685356,88005553535
Акиньшин Донат Васильевич,6415685356,88005553535
Акифьев Дорофей Васильевич,6415685356,88005553535
Акишев Досифей Васильевич,6415685356,88005553535
Акишин Евгений Васильевич,6415685356,88005553535
Аккузин Евграф Васильевич,6415685356,88005553535
Акопов Евдоким Васильевич,6415685356,88005553535
Аксаков Еврит Васильевич,6415685356,88005553535
Аксанов Евсей Васильевич,6415685356,88005553535
Аксененко Евстафий Васильевич,6415685356,88005553535
Аксененков Евтихан Васильевич,6415685356,88005553535
Аксенов Евтихий Васильевич,6415685356,88005553535
Аксентьев Егор Васильевич,6415685356,88005553535
Аксенцев Елеазар Васильевич,6415685356,88005553535
Аксенцов Елисей Васильевич,6415685356,88005553535
Аксенюшкин Емельян Васильевич,6415685356,88005553535
Аксинин Епифаний Васильевич,6415685356,88005553535
Аксюков Ербол Васильевич,6415685356,88005553535
Аксюта Ерванд Васильевич,6415685356,88005553535
Аксютенок Еремей Васильевич,6415685356,88005553535
Аксютин Ермак Васильевич,6415685356,88005553535
Аксянов Ермолай Васильевич,6415685356,88005553535
Акуленко Ерофей Васильевич,6415685356,88005553535
Акуленок Ефим Васильевич,6415685356,88005553535
Акулин Ефрем Васильевич,6415685356,88005553535
Акулинин Жан Васильевич,6415685356,88005553535
Акулиничев Ждан Васильевич,6415685356,88005553535
Акулинский Жером Васильевич,6415685356,88005553535
Акулич Жоан Васильевич,6415685356,88005553535
Акулов Захар Васильевич,6415685356,88005553535
Акулышин Захария Васильевич,6415685356,88005553535
Акульшин Збигнев Васильевич,6415685356,88005553535
Акуляков Зденек Васильевич,6415685356,88005553535
Акундинов Зейналабдин Васильевич,6415685356,88005553535
Акустьев Зенон Васильевич,6415685356,88005553535
Акушев Зеэв Васильевич,6415685356,88005553535
Акциперов Зигмунд Васильевич,6415685356,88005553535
Акципетров Зинон Васильевич,6415685356,88005553535
Акчурин Зия Васильевич,6415685356,88005553535
Алабердиев Золтан Васильевич,6415685356,88005553535
Алабин Зосима Васильевич,6415685356,88005553535
Алабушев Иакинф Васильевич,6415685356,88005553535
Алабышев Иан Васильевич,6415685356,88005553535
Аладышкин Ибрагим Васильевич,6415685356,88005553535
Аладьин Ибрахим Васильевич,6415685356,88005553535
Алаев Иван Васильевич,6415685356,88005553535
Алайкин Игнатий Васильевич,6415685356,88005553535
Алалыкин Игорь Васильевич,6415685356,88005553535
Алампиев Иероним Васильевич,6415685356,88005553535
Алаторцев Иерофей Васильевич,6415685356,88005553535
Алатырев Израиль Васильевич,6415685356,88005553535
Алатырцев Икрима Васильевич,6415685356,88005553535
Алачев Иларий Васильевич,6415685356,88005553535
Алачеев Илия Васильевич,6415685356,88005553535
Алашеев Илларион Васильевич,6415685356,88005553535
Алдаков Илмари Васильевич,6415685356,88005553535
Алдашин Ильфат Васильевич,6415685356,88005553535
Алдонин Илья Васильевич,6415685356,88005553535
Алдохин Имран Васильевич,6415685356,88005553535
Алдошин Иннокентий Васильевич,6415685356,88005553535
Алдошкин Иоаким Васильевич,6415685356,88005553535
Алдушин Иоанн Васильевич,6415685356,88005553535
Алдушкин Иоанникий Васильевич,6415685356,88005553535
Алдущенков Иоахим Васильевич,6415685356,88005553535
Алебастров Иов Васильевич,6415685356,88005553535
Алеев Иоганн Васильевич,6415685356,88005553535
Алейник Иоганнес Васильевич,6415685356,88005553535
Алейников Ионафан Васильевич,6415685356,88005553535
Александренков Иосафат Васильевич,6415685356,88005553535
Александрийский Ираклий Васильевич,6415685356,88005553535
Александрикин Иржи Васильевич,6415685356,88005553535
Александров Иринарх Васильевич,6415685356,88005553535
Александровский Ириней Васильевич,6415685356,88005553535
Александрук Иродион Васильевич,6415685356,88005553535
Александрюк Иса Васильевич,6415685356,88005553535
Алексанин Исаак Васильевич,6415685356,88005553535
Алексанкин Исаакий Васильевич,6415685356,88005553535
Алексанов Исаия Васильевич,6415685356,88005553535
Алексахин Исидор Васильевич,6415685356,88005553535
Алексашин Ислам Васильевич,6415685356,88005553535
Алексеев Исмаил Васильевич,6415685356,88005553535
Алексеевский Истислав Васильевич,6415685356,88005553535
Алексеенко Истома Васильевич,6415685356,88005553535
Алексеенков Истукарий Васильевич,6415685356,88005553535
Алексеичев Иштван Васильевич,6415685356,88005553535
Алексейчик Йюрген Васильевич,6415685356,88005553535
Алексин Кадваллон Васильевич,6415685356,88005553535
Алексинский Кадир Васильевич,6415685356,88005553535
Алексов Казимир Васильевич,6415685356,88005553535
Алексутин Каликст Васильевич,6415685356,88005553535
Алекторов Калин Васильевич,6415685356,88005553535
Алемасов Каллистрат Васильевич,6415685356,88005553535
Алемпиев Кальман Васильевич,6415685356,88005553535
Аленев Канат Васильевич,6415685356,88005553535
Алеников Карен Васильевич,6415685356,88005553535
Аленин Карлос Васильевич,6415685356,88005553535
Аленичев Карп Васильевич,6415685356,88005553535
Аленкин Картерий Васильевич,6415685356,88005553535
Аленников Кассиан Васильевич,6415685356,88005553535
Аленов Кассий Васильевич,6415685356,88005553535
Алентов Касторий Васильевич,6415685356,88005553535
Алентьев Касьян Васильевич,6415685356,88005553535
Аленчев Катберт Васильевич,6415685356,88005553535
Аленчиков Квинт Васильевич,6415685356,88005553535
Аленшев Кехлер Васильевич,6415685356,88005553535
Алесин Киллиан Васильевич,6415685356,88005553535
Алесов Ким Васильевич,6415685356,88005553535
Алеутский Кир Васильевич,6415685356,88005553535
Алеханов Кириак Васильевич,6415685356,88005553535
Алехин Кирилл Васильевич,6415685356,88005553535
Алехов Клаас Васильевич,6415685356,88005553535
Алешейкин Клавдиан Васильевич,6415685356,88005553535
Алешечкин Клеоник Васильевич,6415685356,88005553535
Алешин Климент Васильевич,6415685356,88005553535
Алешинцев Кондрат Васильевич,6415685356,88005553535
Алешихин Конон Васильевич,6415685356,88005553535
Алешкевич Конрад Васильевич,6415685356,88005553535
Алешкин Константин Васильевич,6415685356,88005553535
Алешков Корнелиус Васильевич,6415685356,88005553535
Алешников Корнилий Васильевич,6415685356,88005553535
Алешонков Коррадо Васильевич,6415685356,88005553535
Алиев Косьма Васильевич,6415685356,88005553535
Алимгулов Кратет Васильевич,6415685356,88005553535
Алимов Кратипп Васильевич,6415685356,88005553535
Алимпиев Крис Васильевич,6415685356,88005553535
Алин Криспин Васильевич,6415685356,88005553535
Алипанов Кристиан Васильевич,6415685356,88005553535
Алипов Кронид Васильевич,6415685356,88005553535
Алипьев Кузьма Васильевич,6415685356,88005553535
Алисейко Куприян Васильевич,6415685356,88005553535
Алисов Курбан Васильевич,6415685356,88005553535
Алистратов Курт Васильевич,6415685356,88005553535
Алифанов Кутлуг-Буга Васильевич,6415685356,88005553535
Алифонов Кэлин Васильевич,6415685356,88005553535
Аллавердиев Лаврентий Васильевич,6415685356,88005553535
Аллавердов Лавс Васильевич,6415685356,88005553535
Аллилуев Ладислав Васильевич,6415685356,88005553535
Алмагестов Лазарь Васильевич,6415685356,88005553535
Алмагестров Лайл Васильевич,6415685356,88005553535
Алмазов Лампрехт Васильевич,6415685356,88005553535
Алмин Ландульф Васильевич,6415685356,88005553535
Алов Лев Васильевич,6415685356,88005553535
Алпаров Леви Васильевич,6415685356,88005553535
Алпатов Ленни Васильевич,6415685356,88005553535
Алпин Леонид Васильевич,6415685356,88005553535
Алтунин Леонтий Васильевич,6415685356,88005553535
Алтуфьев Леонхард Васильевич,6415685356,88005553535
Алтухов Лиам Васильевич,6415685356,88005553535
Алтынин Линкей Васильевич,6415685356,88005553535
Алтынов Логгин Васильевич,6415685356,88005553535
Алфеев Лоренц Васильевич,6415685356,88005553535
Алферов Лоренцо Васильевич,6415685356,88005553535
Алферьев Луи Васильевич,6415685356,88005553535
Алфимов Луитпольд Васильевич,6415685356,88005553535
Алхимов Лука Васильевич,6415685356,88005553535
Алымбеков Лукас Васильевич,6415685356,88005553535
Алымов Лукий Васильевич,6415685356,88005553535
Алынбеков Лукьян Васильевич,6415685356,88005553535
Альбертов Луций Васильевич,6415685356,88005553535
Альбицкий Людовик Васильевич,6415685356,88005553535
Альбов Люцифер Васильевич,6415685356,88005553535
Альбовский Макар Васильевич,6415685356,88005553535
Альтов Максим Васильевич,6415685356,88005553535
Альтовский Максимиан Васильевич,6415685356,88005553535
Альхименко Максимилиан Васильевич,6415685356,88005553535
Альхимович Малик Васильевич,6415685356,88005553535
Альшанников Малх Васильевич,6415685356,88005553535
Альшевский Мамбет Васильевич,6415685356,88005553535
Алютин Маний Васильевич,6415685356,88005553535
Алюхин Мануил Васильевич,6415685356,88005553535
Алюшин Мануэль Васильевич,6415685356,88005553535
Алюшников Мариан Васильевич,6415685356,88005553535
Алябин Мариус Васильевич,6415685356,88005553535
Алябушев Марк Васильевич,6415685356,88005553535
Алябышев Маркел Васильевич,6415685356,88005553535
Алябьев Мартын Васильевич,6415685356,88005553535
Алявдин Марчелло Васильевич,6415685356,88005553535
Аляев Матвей Васильевич,6415685356,88005553535
Алякринский Матео Васильевич,6415685356,88005553535
Аляпин Матиас Васильевич,6415685356,88005553535
Амбалов Матфей Васильевич,6415685356,88005553535
Амброс Матфий Васильевич,6415685356,88005553535
Амбросий Махмуд Васильевич,6415685356,88005553535
Амбросимов Меир Васильевич,6415685356,88005553535
Амвросимов Мелентий Васильевич,6415685356,88005553535
Амвросов Мелитон Васильевич,6415685356,88005553535
Амвросьев Менахем-Мендель Васильевич,6415685356,88005553535
Амеленко Месроп Васильевич,6415685356,88005553535
Амелехин Мефодий Васильевич,6415685356,88005553535
Амелин Мечислав Васильевич,6415685356,88005553535
Амеличев Мика Васильевич,6415685356,88005553535
Амелишко Микеланджело Васильевич,6415685356,88005553535
Амелькин Микулаш Васильевич,6415685356,88005553535
Амельчев Милорад Васильевич,6415685356,88005553535
Амельченко Мина Васильевич,6415685356,88005553535
Амельченков Мирко Васильевич,6415685356,88005553535
Амельянов Мирон Васильевич,6415685356,88005553535
Амелюшкин Мирослав Васильевич,6415685356,88005553535
Амелякин Митрофан Васильевич,6415685356,88005553535
Американцев Михаил Васильевич,6415685356,88005553535
Аметистов Михей Васильевич,6415685356,88005553535
Аминов Младан Васильевич,6415685356,88005553535
Амирев Модест Васильевич,6415685356,88005553535
Амиров Моисей Васильевич,6415685356,88005553535
Аморский Мордехай Васильевич,6415685356,88005553535
Амосов Мстислав Васильевич,6415685356,88005553535
Ампелогов Мурад Васильевич,6415685356,88005553535
Ампилов Мухаммед Васильевич,6415685356,88005553535
Амплеев Мэдисон Васильевич,6415685356,88005553535
Амстиславский Мэлор Васильевич,6415685356,88005553535
Амусин Мэлс Васильевич,6415685356,88005553535
Амусов Назар Васильевич,6415685356,88005553535
Амфилохов Наиль Васильевич,6415685356,88005553535
Амфитеатров Насиф Васильевич,6415685356,88005553535
Амчанинов Натан Васильевич,6415685356,88005553535
Амченцев Натаниэль Васильевич,6415685356,88005553535
Амчиславский Наум Васильевич,6415685356,88005553535
Анаксагоров Нафанаил Васильевич,6415685356,88005553535
Ананенков Нацагдорж Васильевич,6415685356,88005553535
Ананич Нестор Васильевич,6415685356,88005553535
Ананичев Никандр Васильевич,6415685356,88005553535
Ананкин Никанор Васильевич,6415685356,88005553535
Ананко Никита Васильевич,6415685356,88005553535
Ананский Никифор Васильевич,6415685356,88005553535
Ананченко Никодим Васильевич,6415685356,88005553535
Ананченков Николай Васильевич,6415685356,88005553535
Ананьев Нил Васильевич,6415685356,88005553535
Ананьевский Нильс Васильевич,6415685356,88005553535
Ананьин Ноа Васильевич,6415685356,88005553535
Анастасов Ной Васильевич,6415685356,88005553535
Анастасьев Норд Васильевич,6415685356,88005553535
Анаткин Нуржан Васильевич,6415685356,88005553535
Анахин Нурлан Васильевич,6415685356,88005553535
Анахов Овадья Васильевич,6415685356,88005553535
Анашкин Оге Васильевич,6415685356,88005553535
Ангарщиков Одинец Васильевич,6415685356,88005553535
Ангелин Октав Васильевич,6415685356,88005553535
Ангелов Октавиан Васильевич,6415685356,88005553535
Ангельский Октавий Васильевич,6415685356,88005553535
Анджиевский Октавио Васильевич,6415685356,88005553535
Андреев Олаф Васильевич,6415685356,88005553535
Андреевский Оле Васильевич,6415685356,88005553535
Андреенко Олег Васильевич,6415685356,88005553535
Андреещев Оливер Васильевич,6415685356,88005553535
Андреищев Ольгерд Васильевич,6415685356,88005553535
Андрейкин Онисим Васильевич,6415685356,88005553535
Андрейцев Орест Васильевич,6415685356,88005553535
Андрейченко Осип Васильевич,6415685356,88005553535
Андрейчик Оскар Васильевич,6415685356,88005553535
Андрейчиков Осман Васильевич,6415685356,88005553535
Андрейчук Отто Васильевич,6415685356,88005553535
Андренко Оттон Васильевич,6415685356,88005553535
Андреянов Очирбат Васильевич,6415685356,88005553535
Андрианов Пабло Васильевич,6415685356,88005553535
Андриановский Павел Васильевич,6415685356,88005553535
Андриашин Павлин Васильевич,6415685356,88005553535
Андриевский Павсикакий Васильевич,6415685356,88005553535
Андриенко Паисий Васильевич,6415685356,88005553535
Андрийчак Палладий Васильевич,6415685356,88005553535
Андрийчук Панкратий Васильевич,6415685356,88005553535
Андрионов Пантелеймон Васильевич,6415685356,88005553535
Андриянов Папа Васильевич,6415685356,88005553535
Андрияш Паруйр Васильевич,6415685356,88005553535
Андрияшев Парфений Васильевич,6415685356,88005553535
Андрияшкин Патрик Васильевич,6415685356,88005553535
Андроников Пафнутий Васильевич,6415685356,88005553535
Андронников Пахомий Васильевич,6415685356,88005553535
Андронов Педро Васильевич,6415685356,88005553535
Андропов Пётр Васильевич,6415685356,88005553535
Андросенко Пимен Васильевич,6415685356,88005553535
Андросик Пинхас Васильевич,6415685356,88005553535
Андросов Пипин Васильевич,6415685356,88005553535
Андрощенко Питирим Васильевич,6415685356,88005553535
Андрощук Пол Васильевич,6415685356,88005553535
Андрунец Полидор Васильевич,6415685356,88005553535
Андрунин Полиевкт Васильевич,6415685356,88005553535
Андрусенко Поликарп Васильевич,6415685356,88005553535
Андрусив Поликрат Васильевич,6415685356,88005553535
Андрусик Порфирий Васильевич,6415685356,88005553535
Андрусишин Потап Васильевич,6415685356,88005553535
Андрускив Предраг Васильевич,6415685356,88005553535
Андрусов Премысл Васильевич,6415685356,88005553535
Андрусский Приск Васильевич,6415685356,88005553535
Андрусяк Прокл Васильевич,6415685356,88005553535
Андрухненко Прокопий Васильевич,6415685356,88005553535
Андрухович Прокул Васильевич,6415685356,88005553535
Андруша Протасий Васильевич,6415685356,88005553535
Андрушакевич Прохор Васильевич,6415685356,88005553535
Андрушевич Публий Васильевич,6415685356,88005553535
Андрущакевич Рагнар Васильевич,6415685356,88005553535
Андрущенко Рагуил Васильевич,6415685356,88005553535
Андрюк Радмир Васильевич,6415685356,88005553535
Андрюков Радослав Васильевич,6415685356,88005553535
Андрюнин Разумник Васильевич,6415685356,88005553535
Андрюхин Раймонд Васильевич,6415685356,88005553535
Андрюцкий Рамадан Васильевич,6415685356,88005553535
Андрюшечкин Рамазан Васильевич,6415685356,88005553535
Андрюшин Рахман Васильевич,6415685356,88005553535
Андрющенко Рашад Васильевич,6415685356,88005553535
Анемхуров Рейнхард Васильевич,6415685356,88005553535
Аниканов Ренат Васильевич,6415685356,88005553535
Аникеев Реститут Васильевич,6415685356,88005553535
Аникеенко Ричард Васильевич,6415685356,88005553535
Аникикевич Роберт Васильевич,6415685356,88005553535
Аникин Родерик Васильевич,6415685356,88005553535
Аникичев Родион Васильевич,6415685356,88005553535
Аникушин Рожер Васильевич,6415685356,88005553535
Аникушкин Розарио Васильевич,6415685356,88005553535
Анин Роман Васильевич,6415685356,88005553535
Анисим Ромен Васильевич,6415685356,88005553535
Анисимков Рон Васильевич,6415685356,88005553535
Анисимов Ронан Васильевич,6415685356,88005553535
Анисимцев Ростислав Васильевич,6415685356,88005553535
Анисин Рудольф Васильевич,6415685356,88005553535
Анисифоров Руслан Васильевич,6415685356,88005553535
Анискевич Руф Васильевич,6415685356,88005553535
Анискин Руфин Васильевич,6415685356,88005553535
Анисковец Рушан Васильевич,6415685356,88005553535
Анискович Сабит Васильевич,6415685356,88005553535
Анисов Савва Васильевич,6415685356,88005553535
Анисович Савватий Васильевич,6415685356,88005553535
Анистратов Савелий Васильевич,6415685356,88005553535
Аниськин Савин Васильевич,6415685356,88005553535
Аниськов Саддам Васильевич,6415685356,88005553535
Анихнов Садик Васильевич,6415685356,88005553535
Аничев Саид Васильевич,6415685356,88005553535
Аниченко Салават Васильевич,6415685356,88005553535
Аничкин Салих Васильевич,6415685356,88005553535
Аничков Саллюстий Васильевич,6415685356,88005553535
Анищенко Салман Васильевич,6415685356,88005553535
Анищенков Самуил Васильевич,6415685356,88005553535
Анкидинов Сармат Васильевич,6415685356,88005553535
Анкин Святослав Васильевич,6415685356,88005553535
Анкиндинов Севастьян Васильевич,6415685356,88005553535
Анкудимов Северин Васильевич,6415685356,88005553535
Анкудинов Секст Васильевич,6415685356,88005553535
Анненков Секунд Васильевич,6415685356,88005553535
Анненский Семён Васильевич,6415685356,88005553535
Аннин Септимий Васильевич,6415685356,88005553535
Аннинский Серапион Васильевич,6415685356,88005553535
Аннич Сергей Васильевич,6415685356,88005553535
Анничкин Серж Васильевич,6415685356,88005553535
Аннушкин Сигеберт Васильевич,6415685356,88005553535
Аннщенкский Сильвестр Васильевич,6415685356,88005553535
Аннщенский Симеон Васильевич,6415685356,88005553535
Анокин Симон Васильевич,6415685356,88005553535
Аносков Созон Васильевич,6415685356,88005553535
Аносов Соломон Васильевич,6415685356,88005553535
Анохин Сонам Васильевич,6415685356,88005553535
Аношечкин Софрон Васильевич,6415685356,88005553535
Аношин Спиридон Васильевич,6415685356,88005553535
Аношкин Срджан Васильевич,6415685356,88005553535
Анпилов Станислав Васильевич,6415685356,88005553535
Ансеров Степан Васильевич,6415685356,88005553535
Антипенко Стефано Васильевич,6415685356,88005553535
Антипенков Стивен Васильевич,6415685356,88005553535
Антипин Таврион Васильевич,6415685356,88005553535
Антипичев Тавус Васильевич,6415685356,88005553535
Антипкин Тадеуш Васильевич,6415685356,88005553535
Антипов Тарас Васильевич,6415685356,88005553535
Антипьев Тарасий Васильевич,6415685356,88005553535
Антифеев Тейс Васильевич,6415685356,88005553535
Антифьев Тендзин Васильевич,6415685356,88005553535
Антокольский Теофил Васильевич,6415685356,88005553535
Антоманов Терентий Васильевич,6415685356,88005553535
Антоневич Терри Васильевич,6415685356,88005553535
Антоненко Тиберий Васильевич,6415685356,88005553535
Антоненков Тигран Васильевич,6415685356,88005553535
Антонец Тимофей Васильевич,6415685356,88005553535
Антоник Тимур Васильевич,6415685356,88005553535
Антоников Тихомир Васильевич,6415685356,88005553535
Антонич Тихон Васильевич,6415685356,88005553535
Антонишин Томас Васильевич,6415685356,88005553535
Антонников Томоми Васильевич,6415685356,88005553535
Антонов Торос Васильевич,6415685356,88005553535
Антонович Тофик Васильевич,6415685356,88005553535
Антоновский Трифон Васильевич,6415685356,88005553535
Антонцев Трофим Васильевич,6415685356,88005553535
Антончик Тудхалия Васильевич,6415685356,88005553535
Антонычев Тутмос Васильевич,6415685356,88005553535
Антоньев Тьерри Васильевич,6415685356,88005553535
Антонюк Тьяго Васильевич,6415685356,88005553535
Антоняк Уве Васильевич,6415685356,88005553535
Антохи Уильям Васильевич,6415685356,88005553535
Антохин Улдис Васильевич,6415685356,88005553535
Антошин Ульрих Васильевич,6415685356,88005553535
Антошкин Ульф Васильевич,6415685356,88005553535
Антошко Умар Васильевич,6415685356,88005553535
Антощук Урызмаг Васильевич,6415685356,88005553535
Антропенко Усама Васильевич,6415685356,88005553535
Антропов Усман Васильевич,6415685356,88005553535
Антрохин Фавст Васильевич,6415685356,88005553535
Антрошин Фаддей Васильевич,6415685356,88005553535
Антрощенко Файзулла Васильевич,6415685356,88005553535
Антрушев Фарид Васильевич,6415685356,88005553535
Антрушин Фахраддин Васильевич,6415685356,88005553535
Антук Федериго Васильевич,6415685356,88005553535
Антуфьев Федосей Васильевич,6415685356,88005553535
Антушев Федот Васильевич,6415685356,88005553535
Антушевич Фейсал Васильевич,6415685356,88005553535
Антыпко Феликс Васильевич,6415685356,88005553535
Антышев Феоктист Васильевич,6415685356,88005553535
Антюфеев Феофан Васильевич,6415685356,88005553535
Антюхин Феофил Васильевич,6415685356,88005553535
Антюхов Феофилакт Васильевич,6415685356,88005553535
Анурин Фердинанд Васильевич,6415685356,88005553535
Ануров Ференц Васильевич,6415685356,88005553535
Анурьев Фёдор Васильевич,6415685356,88005553535
Ануфриев Фидель Васильевич,6415685356,88005553535
Анучин Филарет Васильевич,6415685356,88005553535
Анучкин Филат Васильевич,6415685356,88005553535
Анушкин Филип Васильевич,6415685356,88005553535
Анфилатов Филипп Васильевич,6415685356,88005553535
Анфилов Философ Васильевич,6415685356,88005553535
Анфилодьев Филострат Васильевич,6415685356,88005553535
Анфилофьев Фирс Васильевич,6415685356,88005553535
Анфимкин Фока Васильевич,6415685356,88005553535
Анфимов Фома Васильевич,6415685356,88005553535
Анфиногенов Фотий Васильевич,6415685356,88005553535
Анфиногентов Франц Васильевич,6415685356,88005553535
Анфудимов Франческо Васильевич,6415685356,88005553535
Анфудинов Фредерик Васильевич,6415685356,88005553535
Анхим Фридрих Васильевич,6415685356,88005553535
Анхимов Фродо Васильевич,6415685356,88005553535
Анцев Фрол Васильевич,6415685356,88005553535
Анцибор Фульк Васильевич,6415685356,88005553535
Анциборенко Хайме Васильевич,6415685356,88005553535
Анциборов Ханс Васильевич,6415685356,88005553535
Анциперов Харальд Васильевич,6415685356,88005553535
Анциферов Харитон Васильевич,6415685356,88005553535
Анцифиров Харри Васильевич,6415685356,88005553535
Анцишкин Харрисон Васильевич,6415685356,88005553535
Анцуп Хасан Васильевич,6415685356,88005553535
Анцупов Хетаг Васильевич,6415685356,88005553535
Анцыферов Хильдерик Васильевич,6415685356,88005553535
Анцыфиров Хирам Васильевич,6415685356,88005553535
Анцышкин Хлодвиг Васильевич,6415685356,88005553535
Анютин Хокон Васильевич,6415685356,88005553535
Апанасенко Хорив Васильевич,6415685356,88005553535
Апашев Хоселито Васильевич,6415685356,88005553535
Аплетин Хосрой Васильевич,6415685356,88005553535
Аплечеев Хрисанф Васильевич,6415685356,88005553535
Аполитов Христофор Васильевич,6415685356,88005553535
Аполлонов Хуан Васильевич,6415685356,88005553535
Аполлонский Цэрэндорж Васильевич,6415685356,88005553535
Аппаков Чеслав Васильевич,6415685356,88005553535
Апраксин Шалом Васильевич,6415685356,88005553535
Апрелиев Шамиль Васильевич,6415685356,88005553535
Апрелов Шамсуддин Васильевич,6415685356,88005553535
Апсеитов Шапур Васильевич,6415685356,88005553535
Апухтин Шарль Васильевич,6415685356,88005553535
Аракин Шейх-Хайдар Васильевич,6415685356,88005553535
Аракчеев Шон Васильевич,6415685356,88005553535
Аралин Эберхард Васильевич,6415685356,88005553535
Арамилев Эдмунд Васильевич,6415685356,88005553535
Арапкин Эдна Васильевич,6415685356,88005553535
Арапов Эдуард Васильевич,6415685356,88005553535
Арасланов Элбэгдорж Васильевич,6415685356,88005553535
Арбузов Элджернон Васильевич,6415685356,88005553535
Аргамаков Элиас Васильевич,6415685356,88005553535
Аргентовский Эллиот Васильевич,6415685356,88005553535
Аргунов Эмиль Васильевич,6415685356,88005553535
Аргушкин Энрик Васильевич,6415685356,88005553535
Ардабьев Энрико Васильевич,6415685356,88005553535
Ардаев Энтони Васильевич,6415685356,88005553535
Ардалионов Эразм Васильевич,6415685356,88005553535
Ардасенов Эраст Васильевич,6415685356,88005553535
Ардатов Эрик Васильевич,6415685356,88005553535
Ардашев Эрнст Васильевич,6415685356,88005553535
Ардашников Эсекьель Васильевич,6415685356,88005553535
Ардеев Эстебан Васильевич,6415685356,88005553535
Аредаков Этьен Васильевич,6415685356,88005553535
Аренов Ювеналий Васильевич,6415685356,88005553535
Аренский Юлиан Васильевич,6415685356,88005553535
Арепьев Юлий Васильевич,6415685356,88005553535
Арестов Юлиус Васильевич,6415685356,88005553535
Аретинский Юрий Васильевич,6415685356,88005553535
Арефин Юстас Васильевич,6415685356,88005553535
Арефов Юстин Васильевич,6415685356,88005553535
Арефьев Яков Васильевич,6415685356,88005553535
Аржавитин Якуб Васильевич,6415685356,88005553535
Аржавитинов Якун Васильевич,6415685356,88005553535
Аржаев Ян Васильевич,6415685356,88005553535
Аржаников Яни Васильевич,6415685356,88005553535
Аржанников Януарий Васильевич,6415685356,88005553535
Аржанов Яромир Васильевич,6415685356,88005553535
Аржанухин Ярополк Васильевич,6415685356,88005553535
Аржаных Ярослав Васильевич,6415685356,88005553535
Арзамасцев  Васильевич,6415685356,88005553535
